Type,Name,Request Count,Failure Count,Median Response Time,Average Response Time,Min Response Time,Max Response Time,Average Content Size,Requests/s,Failures/s,50%,66%,75%,80%,90%,95%,98%,99%,99.9%,99.99%,100%
GET,/,56,0,2024.2948001250625,2057.618907145557,2024.2948001250625,2210.5198001954705,32360.053571428572,0.974208235596502,0.0,2000,2100,2100,2100,2100,2200,2200,2200,2200,2200,2200
POST,/add,9,4,4100.0,4107.973811061432,4064.782900037244,4231.410899898037,21919.777777777777,0.1565691807208664,0.0695863025426073,4100,4100,4100,4100,4200,4200,4200,4200,4200,4200,4200
GET,/api/tasks,43,0,2018.4021999593824,2057.2912581210826,2018.4021999593824,2256.0526998713613,2671.6046511627906,0.7480527523330284,0.0,2000,2000,2100,2100,2100,2200,2300,2300,2300,2300,2300
POST,/api/tasks,56,0,2012.529200175777,2054.3989035650156,2012.529200175777,2281.0343001037836,116.10714285714286,0.974208235596502,0.0,2000,2100,2100,2100,2100,2100,2200,2300,2300,2300,2300
GET,/health,12,0,2014.8859000764787,2037.0918916887604,2014.8859000764787,2092.98269986175,71.0,0.20875890762782187,0.0,2000,2000,2000,2000,2100,2100,2100,2100,2100,2100,2100
GET,/toggle/12,1,1,4207.861499860883,4207.861499860883,4207.861499860883,4207.861499860883,24825.0,0.017396575635651824,0.017396575635651824,4200,4200,4200,4200,4200,4200,4200,4200,4200,4200,4200
,Aggregated,177,5,2012.529200175777,2171.5324858682347,2012.529200175777,4231.410899898037,12183.610169491525,3.079193887510373,0.08698287817825912,2000,2100,2100,2100,2200,4100,4100,4200,4200,4200,4200
